si si-add,ti ti-plus
si-add,ti-plus
si si-add-circle,ti ti-circle-plus
si-add-circle,ti-circle-plus
si si-add-small,ti ti-plus
si-add-small,ti-plus
si si-advertising-megaphone,ti ti-speakerphone
si-advertising-megaphone,ti-speakerphone
si si-advertising-megaphone-2,ti ti-speakerphone
si-advertising-megaphone-2,ti-speakerphone
si si-alarm-bell,ti ti-bell
si-alarm-bell,ti-bell
si si-alert-circle,ti ti-alert-circle
si-alert-circle,ti-alert-circle
si si-analytics-bars,ti ti-chart-bar
si-analytics-bars,ti-chart-bar
si si-analytics-board-graph-line,ti ti-chart-line
si-analytics-board-graph-line,ti-chart-line
si si-analytics-pie-2,ti ti-chart-pie
si-analytics-pie-2,ti-chart-pie
si si-arrow-down-1,ti ti-chevron-down
si-arrow-down-1,ti-chevron-down
si si-arrow-left,ti ti-arrow-left
si-arrow-left,ti-arrow-left
si si-arrow-left-1,ti ti-chevron-left
si-arrow-left-1,ti-chevron-left
si si-arrow-right,ti ti-arrow-right
si-arrow-right,ti-arrow-right
si si-arrow-right-1,ti ti-chevron-right
si-arrow-right-1,ti-chevron-right
si si-bin-1,ti ti-trash
si-bin-1,ti-trash
si si-book-open-1,ti ti-book
si-book-open-1,ti-book
si si-bulb,ti ti-bulb
si-bulb,ti-bulb
si si-business-contract-handshake-sign,ti ti-contract
si-business-contract-handshake-sign,ti-contract
si si-button-refresh-arrows,ti ti-refresh
si-button-refresh-arrows,ti-refresh
si si-calendar-date,ti ti-calendar-event
si-calendar-date,ti-calendar-event
si si-chat-translate,ti ti-language
si-chat-translate,ti-language
si si-check-1,ti ti-check
si-check-1,ti-check
si si-check-circle,ti ti-circle-check
si-check-circle,ti-circle-check
si si-check-circle-1,ti ti-circle-check
si-check-circle-1,ti-circle-check
si si-check-double-1,ti ti-checks
si-check-double-1,ti-checks
si si-checklist-pen,ti ti-clipboard-check
si-checklist-pen,ti-clipboard-check
si si-close,ti ti-x
si-close,ti-x
si si-cog,ti ti-settings
si-cog,ti-settings
si si-cog-double-2,ti ti-settings-cog
si-cog-double-2,ti-settings-cog
si si-cog-double,ti ti-settings-cog
si-cog-double,ti-settings-cog
si si-common-file-add,ti ti-file-plus
si-common-file-add,ti-file-plus
si si-common-file-empty,ti ti-file
si-common-file-empty,ti-file
si si-common-file-text,ti ti-file-text
si-common-file-text,ti-file-text
si si-controls-play,ti ti-player-play
si-controls-play,ti-player-play
si si-copy-paste,ti ti-copy
si-copy-paste,ti-copy
si si-delete-1,ti ti-circle-x
si-delete-1,ti-circle-x
si si-delete-2,ti ti-circle-x
si-delete-2,ti-circle-x
si si-delete,ti ti-forbid-2
si-delete,ti-forbid-2
si si-download-bottom,ti ti-download
si-download-bottom,ti-download
si si-email-action-unread,ti ti-mail
si-email-action-unread,ti-mail
si si-expand-1,ti ti-arrows-maximize
si-expand-1,ti-arrows-maximize
si si-expand-6,ti ti-queue-pop-out
si-expand-6,ti-queue-pop-out
si si-file-code-upload-1,ti ti-file-upload
si-file-code-upload-1,ti-file-upload
si si-file-csv,ti ti-file-type-csv
si-file-csv,ti-file-type-csv
si si-file-edit,ti ti-file-pencil
si-file-edit,ti-file-pencil
si si-file-xml,ti ti-file-type-xml
si-file-xml,ti-file-type-xml
si si-file-zip,ti ti-file-type-zip
si-file-zip,ti-file-type-zip
si si-filter-1,ti ti-filter
si-filter-1,ti-filter
si si-floppy-disk,ti ti-device-floppy
si-floppy-disk,ti-device-floppy
si si-folder-search,ti ti-folder-search
si-folder-search,ti-folder-search
si si-graphic-tablet-drawing-pen,ti ti-pencil
si-graphic-tablet-drawing-pen,ti-pencil
si si-help-wheel,ti ti-help-circle
si-help-wheel,ti-help-circle
si si-hierarchy-6,ti ti-sitemap
si-hierarchy-6,ti-sitemap
si si-house-1,ti ti-home
si-house-1,ti-home
si si-house-chimney-2,ti ti-home
si-house-chimney-2,ti-home
si si-hyperlink-3,ti ti-link
si-hyperlink-3,ti-link
si si-image-file-landscape,ti ti-photo
si-image-file-landscape,ti-photo
si si-information-circle,ti ti-info-circle
si-information-circle,ti-info-circle
si si-layers-grid-settings,ti ti-table-options
si-layers-grid-settings,ti-table-options
si si-layout-bullets,ti ti-list
si-layout-bullets,ti-list
si si-layout-dashboard,ti ti-layout-dashboard
si-layout-dashboard,ti-layout-dashboard
si si-list-bullets,ti ti-list
si-list-bullets,ti-list
si si-lock-1,ti ti-lock
si-lock-1,ti-lock
si si-login-3,ti ti-login-2
si-login-3,ti-login-2
si si-messages-bubble,ti ti-message-circle-2
si-messages-bubble,ti-message-circle-2
si si-messages-bubble-add,ti ti-message-circle-plus
si-messages-bubble-add,ti-message-circle-plus
si si-messages-bubble-square-sync,ti ti-message-circle-share
si-messages-bubble-square-sync,ti-message-circle-share
si si-module,ti ti-cube
si-module,ti-cube
si si-monetization-approve,ti ti-rosette-discount-check
si-monetization-approve,ti-rosette-discount-check
si si-move-back,ti ti-corner-up-left
si-move-back,ti-corner-up-left
si si-move-expand-vertical,ti ti-arrows-vertical
si-move-expand-vertical,ti-arrows-vertical
si si-move-shrink-vertical,ti ti-arrows-minimize
si-move-shrink-vertical,ti-arrows-minimize
si si-multiple-actions-add,ti ti-user-plus
si-multiple-actions-add,ti-user-plus
si si-multiple-neutral-1,ti ti-users
si-multiple-neutral-1,ti-users
si si-navigation-down-circle,ti ti-circle-arrow-down
si-navigation-down-circle,ti-circle-arrow-down
si si-navigation-menu,ti ti-menu-2
si-navigation-menu,ti-menu-2
si si-navigation-menu-horizontal,ti ti-dots
si-navigation-menu-horizontal,ti-dots
si si-navigation-menu-horizontal-filled,ti ti-dots
si-navigation-menu-horizontal-filled,ti-dots
si si-navigation-right-circle,ti ti-circle-arrow-right
si-navigation-right-circle,ti-circle-arrow-right
si si-navigation-right-circle-1,ti ti-circle-arrow-right
si-navigation-right-circle-1,ti-circle-arrow-right
si si-navigation-up-circle,ti ti-circle-arrow-up
si-navigation-up-circle,ti-circle-arrow-up
si si-network-arrow,ti ti-world-up
si-network-arrow,ti-world-up
si si-network-share,ti ti-world-share
si-network-share,ti-world-share
si si-notes-add,ti ti-clipboard-plus
si-notes-add,ti-clipboard-plus
si si-notes-quill,ti ti-clipboard-plus
si-notes-quill,ti-clipboard-plus
si si-office-file-doc-1,ti ti-file-type-doc
si-office-file-doc-1,ti-file-type-doc
si si-office-file-pdf-1,ti ti-file-type-pdf
si-office-file-pdf-1,ti-file-type-pdf
si si-office-file-xls-1,ti ti-file-type-xls
si-office-file-xls-1,ti-file-type-xls
si si-pencil,ti ti-pencil
si-pencil,ti-pencil
si si-office-file-ppt-1,ti ti-file-type-ppt
si-office-file-ppt-1,ti-file-type-ppt
si si-office-file-txt-1,ti ti-file-type-txt
si-office-file-txt-1,ti-file-type-txt
si si-pie-line-graph,ti ti-graph
si-pie-line-graph,ti-graph
si si-pin,ti ti-pin
si-pin,ti-pin
si si-pin-bold,ti ti-pin
si-pin-bold,ti-pin
si si-presentation-statistics,ti ti-presentation-analytics
si-presentation-statistics,ti-presentation-analytics
si si-question-circle,ti ti-help-circle
si-question-circle,ti-help-circle
si si-remove,ti ti-x
si-remove,ti-x
si si-remove-circle,ti ti-circle-minus
si-remove-circle,ti-circle-minus
si si-road-sign-u-turn-left,ti ti-u-turn-left
si-road-sign-u-turn-left,ti-u-turn-left
si si-road-sign-u-turn-right,ti ti-u-turn-right
si-road-sign-u-turn-right,ti-u-turn-right
si si-road-sign-warning,ti ti-alert-triangle
si-road-sign-warning,ti-alert-triangle
si si-search,ti ti-search
si-search,ti-search
si si-send-email,ti ti-send
si-send-email,ti-send
si si-share,ti ti-share
si-share,ti-share
si si-shopping-cart-check,ti ti-shopping-cart-check
si-shopping-cart-check,ti-shopping-cart-check
si si-shrink-1,ti ti-arrows-minimize
si-shrink-1,ti-arrows-minimize
si si-single-neutral-actions,ti ti-user
si-single-neutral-actions,ti-user
si si-single-neutral-shield,ti ti-user-shield
si-single-neutral-shield,ti-user-shield
si si-statistics-daytum,ti ti-brand-google-analytics
si-statistics-daytum,ti-brand-google-analytics
si si-subtract,ti ti-minus
si-subtract,ti-minus
si si-subtract-circle,ti ti-circle-minus
si-subtract-circle,ti-circle-minus
si si-subtract-small,ti ti-minus
si-subtract-small,ti-minus
si si-synchronize-arrow-clock,ti ti-clock-check
si-synchronize-arrow-clock,ti-clock-check
si si-task-list-1,ti ti-list-check
si-task-list-1,ti-list-check
si si-task-list-edit,ti ti-checklist
si-task-list-edit,ti-checklist
si si-time-clock-circle,ti ti-clock
si-time-clock-circle,ti-clock
si si-touchpad-finger,ti ti-hand-finger
si-touchpad-finger,ti-hand-finger
si si-undo,ti ti-arrow-back-up
si-undo,ti-arrow-back-up
si si-user-logout,ti ti-logout
si-user-logout,ti-logout
si si-view-1,ti ti-eye
si-view-1,ti-eye
si si-single-neutral-circle,ti ti-user-circle
si-single-neutral-circle,ti-user-circle
si si-alarm-bell-timer,ti ti-bell-plus
si-alarm-bell-timer,ti-bell-plus
si si-analytics-graph,ti ti-chart-dots
si-analytics-graph,ti-chart-dots
si si-button-refresh-arrow,ti ti-reload
si-button-refresh-arrow,ti-reload
si si-hourglass,ti ti-hourglass-low
si-hourglass,ti-hourglass-low
si si-mood-warning,ti ti-alert-octagon
si-mood-warning,ti-alert-octagon
si si-move-to-bottom,ti ti-arrow-autofit-down
si-move-to-bottom,ti-arrow-autofit-down
si si-network-browser,ti ti-world-check
si-network-browser,ti-world-check
si si-network-signal,ti ti-building-broadcast-tower
si-network-signal,ti-building-broadcast-tower
si si-pencil-write,ti ti-edit
si-pencil-write,ti-edit
si si-recycling-trash-bin-2,ti ti-recycle
si-recycling-trash-bin-2,ti-recycle
si si-task-list-approve,ti ti-clipboard-list
si-task-list-approve,ti-clipboard-list
si si-tools-wench,ti ti-tool
si-tools-wench,ti-tool
si si-logout-1,ti ti-logout
si-logout-1,ti-logout
si si-arrow-up-1,ti ti-chevron-up
si-arrow-up-1,ti-chevron-up
si si-file-html,ti ti-file-type-html
si-file-html,ti-file-type-html
si si-analytics-graph-line,ti ti-graph
si-analytics-graph-line,ti-graph
si si-archive-folder,ti ti-archive
si-archive-folder,ti-archive
si si-beach-palm-sunbed,ti ti-beach
si-beach-palm-sunbed,ti-beach
si si-briefcase,ti ti-briefcase-2
si-briefcase,ti-briefcase-2
si si-buildings-1,ti ti-buildings
si-buildings-1,ti-buildings
si si-calendar,ti ti-calendar-event
si-calendar,ti-calendar-event
si si-charger,ti ti-plug
si-charger,ti-plug
si si-coffee-cup,ti ti-coffee
si-coffee-cup,ti-coffee
si si-coffee-cup-hot,ti ti-coffee
si-coffee-cup-hot,ti-coffee
si si-cog-play,ti ti-settings-automation
si-cog-play,ti-settings-automation
si si-common-file-search,ti ti-file-search
si-common-file-search,ti-file-search
si si-common-file-text-edit,ti ti-file-pencil
si-common-file-text-edit,ti-file-pencil
si si-computer-chip-search,ti ti-settings-search
si-computer-chip-search,ti-settings-search
si si-controls-stop,ti ti-player-stop
si-controls-stop,ti-player-stop
si si-conversation-chat-2,ti ti-messages
si-conversation-chat-2,ti-messages
si si-database,ti ti-database
si-database,ti-database
si si-database-settings,ti ti-database-cog
si-database-settings,ti-database-cog
si si-folder-empty,ti ti-folder-open
si-folder-empty,ti-folder-open
si si-graph-statistics-coffee,ti ti-presentation-analytics
si-graph-statistics-coffee,ti-presentation-analytics
si si-heavy-equipment-hook,ti ti-crane
si-heavy-equipment-hook,ti-crane
si si-layout-module,ti ti-layout-grid
si-layout-module,ti-layout-grid
si si-module-three-2,ti ti-packages
si-module-three-2,ti-packages
si si-monitor,ti ti-device-desktop
si-monitor,ti-device-desktop
si si-monitor-heart-beat-search,ti ti-device-desktop-search
si-monitor-heart-beat-search,ti-device-desktop-search
si si-monitor-network,ti ti-topology-star
si-monitor-network,ti-topology-star
si si-navigation-left-circle-1,ti ti-circle-arrow-left
si-navigation-left-circle-1,ti-circle-arrow-left
si si-optimization-timer,ti ti-calendar-clock
si-optimization-timer,ti-calendar-clock
si si-phone-actions-call,ti ti-phone-outgoing
si-phone-actions-call,ti-phone-outgoing
si si-pie-line-graph-desktop,ti ti-device-analytics
si-pie-line-graph-desktop,ti-device-analytics
si si-plane-take-off,ti ti-plane-tilt
si-plane-take-off,ti-plane-tilt
si si-power-button,ti ti-power
si-power-button,ti-power
si si-real-estate-action-house-key,ti ti-home-up
si-real-estate-action-house-key,ti-home-up
si si-recycling-hand-trash,ti ti-trash
si-recycling-hand-trash,ti-trash
si si-server-search,ti ti-database-search
si-server-search,ti-database-search
si si-shield-lock,ti ti-shield-lock
si-shield-lock,ti-shield-lock
si si-style-two-pin-user,ti ti-user-pin
si-style-two-pin-user,ti-user-pin
si si-upload-bottom,ti ti-upload
si-upload-bottom,ti-upload
si si-startup-launch,ti ti-rocket
si-startup-launch,ti-rocket
si si-password-lock-2,ti ti-lock-password
si-password-lock-2,ti-lock-password
si si-computer-chip,ti ti-cpu
si-computer-chip,ti-cpu
si si-global-warming-globe-fire,ti ti-world-exclamation
si-global-warming-globe-fire,ti-world-exclamation
si si-cd,ti ti-disc
si-cd,ti-disc
si si-button-pause,ti ti-player-pause
si-button-pause,ti-player-pause
si si-archive,ti ti-archive
si-archive,ti-archive
si si-module-three-1,ti ti-packages
si-module-three-1,ti-packages
si si-shield-globe,ti ti-shield
si-shield-globe,ti-shield
si si-folder-share,ti ti-folder-share
si-folder-share,ti-folder-share
si si-check-2,ti ti-checkbox
si-check-2,ti-checkbox
fa fa-anchor,ti ti-anchor
fa-anchor,ti-anchor
fa fa-angles-down,ti ti-chevrons-down
fa-angles-down,ti-chevrons-down
fa fa-angle-down,ti ti-chevron-down
fa-angle-down,ti-chevron-down
fa fa-angle-up,ti ti-chevron-up
fa-angle-up,ti-chevron-up
fa fa-ban,ti ti-ban
fa-ban,ti-ban
fa fa-circle-check,ti ti-circle-check
fa-circle-check,ti-circle-check
fa fa-chevron-left,ti ti-chevron-left
fa-chevron-left,ti-chevron-left
fa fa-chevron-right,ti ti-chevron-right
fa-chevron-right,ti-chevron-right
fa fa-diamond,ti ti-diamond
fa-diamond,ti-diamond
fa fa-ellipsis,ti ti-dots
fa-ellipsis,ti-dots
fa fa-ellipsis-vertical,ti ti-dots-vertical
fa-ellipsis-vertical,ti-dots-vertical
fa fa-filter,ti ti-filter
fa-filter,ti-filter
fa fa-user-group,ti ti-users
fa-user-group,ti-users
fa fa-language,ti ti-language
fa-language,ti-language
fa fa-paper-plane,ti ti-send
fa-paper-plane,ti-send
fa fa-paperclip,ti ti-paperclip
fa-paperclip,ti-paperclip
fa fa-play,ti ti-player-play
fa-play,ti-player-play
fa fa-square,ti ti-square
fa-square,ti-square
fa fa-train-subway,ti ti-train
fa-train-subway,ti-train
fa fa-train,ti ti-train
fa-train,ti-train
fa fa-info-circle,ti ti-info-circle
fa-info-circle,ti-info-circle
fa fa-upload,ti ti-upload
fa-upload,ti-upload
fa fa-code,ti ti-code
fa-code,ti-code
fa fa-object-group,ti ti-chart-treemap
fa-object-group,ti-chart-treemap
fa fa-question,ti ti-question-mark
fa-question,ti-question-mark
fa fa-book,ti ti-book-2
fa-book,ti-book-2
fa fa-code-fork,ti ti-git-fork
fa-code-fork,ti-git-fork
fa fa-plus-circle,ti ti-circle-plus
fa-plus-circle,ti-circle-plus
fa fa-plus,ti ti-circle-plus
fa-plus,ti-circle-plus
fa fa-sitemap,ti ti-sitemap
fa-sitemap,ti-sitemap
fa fa-users,ti ti-users-group
fa-users,ti-users-group
fa fa-rss,ti ti-rss
fa-rss,ti-rss
fa fa-hourglass-end,ti ti-hourglass-low
fa-hourglass-end,ti-hourglass-low
fa fa-reply,ti ti-arrow-back-up
fa-reply,ti-arrow-back-up
fa fa-sign-in,ti ti-login-2
fa-sign-in,ti-login-2
fa fa-sign-in-alt,ti ti-login-2
fa-sign-in-alt,ti-login-2
fa fa-paw,ti ti-paw
fa-paw,ti-paw
fa fa-list,ti ti-list
fa-list,ti-list
fa fa-list-alt,ti ti-list
fa-list-alt,ti-list
fa fa-list-ul,ti ti-list
fa-list-ul,ti-list
fa fa-list-ol,ti ti-list-numbers
fa-list-ol,ti-list-numbers
fa fa-id-badge,ti ti-id-badge
fa-id-badge,ti-id-badge
fa fa-exclamation-triangle,ti ti-alert-triangle
fa-exclamation-triangle,ti-alert-triangle
fa fa-barcode,ti ti-barcode
fa-barcode,ti-barcode
fa fa-bars,ti ti-align-justified
fa-bars,ti-align-justified
fa fa-bolt,ti ti-bolt
fa-bolt,ti-bolt
fa fa-calendar,ti ti-calendar-event
fa-calendar,ti-calendar-event
fa fa-calendar-week,ti ti-calendar-event
fa-calendar-week,ti-calendar-event
fa fa-check,ti ti-check
fa-check,ti-check
fa fa-check-double,ti ti-checks
fa-check-double,ti-checks
fa fa-cube,ti ti-cube
fa-cube,ti-cube
fa fa-cubes,ti ti-packages
fa-cubes,ti-packages
fa fa-desktop,ti ti-device-desktop
fa-desktop,ti-device-desktop
fa fa-exchange,ti ti-arrows-exchange
fa-exchange,ti-arrows-exchange
fa fa-eye,ti ti-eye
fa-eye,ti-eye
fa fa-female,ti ti-gender-female
fa-female,ti-gender-female
fa fa-male,ti ti-gender-male
fa-male,ti-gender-male
fa fa-file-export,ti ti-file-export
fa-file-export,ti-file-export
fa fa-file-import,ti ti-file-import
fa-file-import,ti-file-import
fa fa-file-text,ti ti-file-text
fa-file-text,ti-file-text
fa fa-file-zipper,ti ti-file-zip
fa-file-zipper,ti-file-zip
fa fa-file-download,ti ti-file-download
fa-file-download,ti-file-download
fa fa-file-upload,ti ti-file-upload
fa-file-upload,ti-file-upload
fa fa-file-audio,ti ti-file-music
fa-file-audio,ti-file-music
fa fa-file-circle-check,ti ti-file-check
fa-file-circle-check,ti-file-check
fa fa-file-circle-exclamation,ti ti-file-alert
fa-file-circle-exclamation,ti-file-alert
fa fa-file-circle-minus,ti ti-file-minus
fa-file-circle-minus,ti-file-minus
fa fa-file-circle-plus,ti ti-file-plus
fa-file-circle-plus,ti-file-plus
fa fa-file-circle-question,ti ti-file-unknown
fa-file-circle-question,ti-file-unknown
fa fa-file-circle-xmark,ti ti-file-excel
fa-file-circle-xmark,ti-file-excel
fa fa-file-code,ti ti-file-code
fa-file-code,ti-file-code
fa fa-file-contract,ti ti-file-certificate
fa-file-contract,ti-file-certificate
fa fa-file-csv,ti ti-file-type-csv
fa-file-csv,ti-file-type-csv
fa fa-file-pen,ti ti-file-pencil
fa-file-pen,ti-file-pencil
fa fa-file-excel,ti ti-file-type-xls
fa-file-excel,ti-file-type-xls
fa fa-file-image,ti ti-file-type-jpg
fa-file-image,ti-file-type-jpg
fa fa-file-invoice-dollar,ti ti-file-euro
fa-file-invoice-dollar,ti-file-euro
fa fa-file-invoice,ti ti-file-euro
fa-file-invoice,ti-file-euro
fa fa-file-waveform,ti ti-file-analytics
fa-file-waveform,ti-file-analytics
fa fa-file-medical,ti ti-file-plus
fa-file-medical,ti-file-plus
fa fa-file-pdf,ti ti-file-type-pdf
fa-file-pdf,ti-file-type-pdf
fa fa-file-powerpoint,ti ti-file-type-ppt
fa-file-powerpoint,ti-file-type-ppt
fa fa-file-prescription,ti ti-file-lambda
fa-file-prescription,ti-file-lambda
fa fa-file-shield,ti ti-file-text-shield
fa-file-shield,ti-file-text-shield
fa fa-file-signature,ti ti-file-pencil
fa-file-signature,ti-file-pencil
fa fa-file-video,ti ti-file
fa-file-video,ti-file
fa fa-file-word,ti ti-file-type-docx
fa-file-word,ti-file-type-docx
fa fa-file,ti ti-file
fa-file,ti-file
fa fa-font-awesome,ti ti-flag-2
fa-font-awesome,ti-flag-2
fa fa-html5,ti ti-brand-html5
fa-html5,ti-brand-html5
fa fa-id-card,ti ti-id-badge
fa-id-card,ti-id-badge
fa fa-id-card-clip,ti ti-id-badge
fa-id-card-clip,ti-id-badge
fa fa-line-chart,ti ti-chart-histogram
fa-line-chart,ti-chart-histogram
fa fa-map-marker,ti ti-map-pin
fa-map-marker,ti-map-pin
fa fa-map-marker-alt,ti ti-map-pin
fa-map-marker-alt,ti-map-pin
fa fa-map-marked-alt,ti ti-map-2
fa-map-marked-alt,ti-map-2
fa fa-map-marked,ti ti-map-2
fa-map-marked,ti-map-2
fa fa-map-pin,ti ti-map-pin
fa-map-pin,ti-map-pin
fa fa-map,ti ti-map
fa-map,ti-map
fa fa-minus-circle,ti ti-circle-minus
fa-minus-circle,ti-circle-minus
fa fa-minus,ti ti-circle-minus
fa-minus,ti-circle-minus
fa fa-restroom,ti ti-toilet-paper
fa-restroom,ti-toilet-paper
fa fa-search,ti ti-search
fa-search,ti-search
fa fa-spinner,ti ti-refresh
fa-spinner,ti-refresh
fa fa-table,ti ti-table
fa-table,ti-table
fa fa-th,ti ti-table
fa-th,ti-table
fa fa-th-list,ti ti-table
fa-th-list,ti-table
fa fa-user-plus,ti ti-user-plus
fa-user-plus,ti-user-plus
fa fa-download,ti ti-download
fa-download,ti-download
fa fa-close,ti ti-x
fa-close,ti-x
fa fa-remove,ti ti-x
fa-remove,ti-x
fa fa-pencil,ti ti-pencil
fa-pencil,ti-pencil
fa fa-trash,ti ti-trash
fa-trash,ti-trash
fa fa-house,ti ti-home
fa-house,ti-home
fa fa-gear,ti ti-settings
fa-gear,ti-settings
fa fa-pen-to-square,ti ti-edit
fa-pen-to-square,ti-edit
fa fa-image,ti ti-photo
fa-image,ti-photo
fa fa-check-square,ti ti-square-check
fa-check-square,ti-square-check
fa fa-square-check,ti ti-square-check
fa-square-check,ti-square-check
fa fa-clone,ti ti-copy
fa-clone,ti-copy
fa fa-clock,ti ti-clock
fa-clock,ti-clock
fa fa-wifi,ti ti-wifi
fa-wifi,ti-wifi
fa fa-add,ti ti-circle-plus
fa-add,ti-circle-plus
fa fa-circle-info,ti ti-info-circle
fa-circle-info,ti-info-circle
fa fa-circle-question,ti ti-help-circle
fa-circle-question,ti-help-circle
fa fa-question-circle,ti ti-help-circle
fa-question-circle,ti-help-circle
fa fa-save,ti ti-device-floppy
fa-save,ti-device-floppy
