si si-add,ti ti-plus
si si-add-circle,ti ti-circle-plus
si si-add-small,ti ti-plus
si si-advertising-megaphone,ti ti-speakerphone
si si-advertising-megaphone-2,ti ti-speakerphone
si si-alarm-bell,ti ti-bell
si si-alert-circle,ti ti-alert-circle
si si-analytics-bars,ti ti-chart-bar
si si-analytics-board-graph-line,ti ti-chart-line
si si-analytics-pie-2,ti ti-chart-pie
si si-arrow-down-1,ti ti-chevron-down
si si-arrow-left,ti ti-arrow-left
si si-arrow-left-1,ti ti-chevron-left
si si-arrow-right,ti ti-arrow-right
si si-arrow-right-1,ti ti-chevron-right
si si-bin-1,ti ti-trash
si si-book-open-1,ti ti-book
si si-bulb,ti ti-bulb
si si-business-contract-handshake-sign,ti ti-contract
si si-button-refresh-arrows,ti ti-refresh
si si-calendar-date,ti ti-calendar-event
si si-chat-translate,ti ti-language
si si-check-1,ti ti-check
si si-check-circle,ti ti-circle-check
si si-check-circle-1,ti ti-circle-check
si si-check-double-1,ti ti-checks
si si-checklist-pen,ti ti-clipboard-check
si si-close,ti ti-x
si si-cog,ti ti-settings
si si-cog-double-2,ti ti-settings-cog
si si-cog-double,ti ti-settings-cog
si si-common-file-add,ti ti-file-plus
si si-common-file-empty,ti ti-file
si si-common-file-text,ti ti-file-text
si si-controls-play,ti ti-player-play
si si-copy-paste,ti ti-copy
si si-delete-1,ti ti-circle-x
si si-delete-2,ti ti-circle-x
si si-delete,ti ti-forbid-2
si si-download-bottom,ti ti-download
si si-email-action-unread,ti ti-mail
si si-expand-1,ti ti-arrows-maximize
si si-expand-6,ti ti-queue-pop-out
si si-file-code-upload-1,ti ti-file-upload
si si-file-csv,ti ti-file-type-csv
si si-file-edit,ti ti-file-pencil
si si-file-xml,ti ti-file-type-xml
si si-file-zip,ti ti-file-type-zip
si si-filter-1,ti ti-filter
si si-floppy-disk,ti ti-device-floppy
si si-folder-search,ti ti-folder-search
si si-graphic-tablet-drawing-pen,ti ti-pencil
si si-help-wheel,ti ti-help-circle
si si-hierarchy-6,ti ti-sitemap
si si-house-1,ti ti-home
si si-house-chimney-2,ti ti-home
si si-hyperlink-3,ti ti-link
si si-image-file-landscape,ti ti-photo
si si-information-circle,ti ti-info-circle
si si-layers-grid-settings,ti ti-table-options
si si-layout-bullets,ti ti-list
si si-layout-dashboard,ti ti-layout-dashboard
si si-list-bullets,ti ti-list
si si-lock-1,ti ti-lock
si si-login-3,ti ti-login-2
si si-messages-bubble,ti ti-message-circle-2
si si-messages-bubble-add,ti ti-message-circle-plus
si si-messages-bubble-square-sync,ti ti-message-circle-share
si si-module,ti ti-cube
si si-monetization-approve,ti ti-rosette-discount-check
si si-move-back,ti ti-corner-up-left
si si-move-expand-vertical,ti ti-arrows-vertical
si si-move-shrink-vertical,ti ti-arrows-minimize
si si-multiple-actions-add,ti ti-user-plus
si si-multiple-neutral-1,ti ti-users
si si-navigation-down-circle,ti ti-circle-arrow-down
si si-navigation-menu,ti ti-menu-2
si si-navigation-menu-horizontal,ti ti-dots
si si-navigation-menu-horizontal-filled,ti ti-dots
si si-navigation-right-circle,ti ti-circle-arrow-right
si si-navigation-right-circle-1,ti ti-circle-arrow-right
si si-navigation-up-circle,ti ti-circle-arrow-up
si si-network-arrow,ti ti-world-up
si si-network-share,ti ti-world-share
si si-notes-add,ti ti-clipboard-plus
si si-notes-quill,ti ti-clipboard-plus
si si-office-file-doc-1,ti ti-file-type-doc
si si-office-file-pdf-1,ti ti-file-type-pdf
si si-office-file-xls-1,ti ti-file-type-xls
si si-pencil,ti ti-pencil
si si-office-file-ppt-1,ti ti-file-type-ppt
si si-office-file-txt-1,ti ti-file-type-txt
si si-pie-line-graph,ti ti-graph
si si-pin,ti ti-pin
si si-pin-bold,ti ti-pin
si si-presentation-statistics,ti ti-presentation-analytics
si si-question-circle,ti ti-help-circle
si si-remove,ti ti-x
si si-remove-circle,ti ti-circle-minus
si si-road-sign-u-turn-left,ti ti-u-turn-left
si si-road-sign-u-turn-right,ti ti-u-turn-right
si si-road-sign-warning,ti ti-alert-triangle
si si-search,ti ti-search
si si-send-email,ti ti-send
si si-share,ti ti-share
si si-shopping-cart-check,ti ti-shopping-cart-check
si si-shrink-1,ti ti-arrows-minimize
si si-single-neutral-actions,ti ti-user
si si-single-neutral-shield,ti ti-user-shield
si si-statistics-daytum,ti ti-brand-google-analytics
si si-subtract,ti ti-minus
si si-subtract-circle,ti ti-circle-minus
si si-subtract-small,ti ti-minus
si si-synchronize-arrow-clock,ti ti-clock-check
si si-task-list-1,ti ti-list-check
si si-task-list-edit,ti ti-checklist
si si-time-clock-circle,ti ti-clock
si si-touchpad-finger,ti ti-hand-finger
si si-undo,ti ti-arrow-back-up
si si-user-logout,ti ti-logout
si si-view-1,ti ti-eye
si si-single-neutral-circle,ti ti-user-circle
si si-alarm-bell-timer,ti ti-bell-plus
si si-analytics-graph,ti ti-chart-dots
si si-button-refresh-arrow,ti ti-reload
si si-hourglass,ti ti-hourglass-low
si si-mood-warning,ti ti-alert-octagon
si si-move-to-bottom,ti ti-arrow-autofit-down
si si-network-browser,ti ti-world-check
si si-network-signal,ti ti-building-broadcast-tower
si si-pencil-write,ti ti-edit
si si-recycling-trash-bin-2,ti ti-recycle
si si-task-list-approve,ti ti-clipboard-list
si si-tools-wench,ti ti-tool
si si-logout-1,ti ti-logout
si si-arrow-up-1,ti ti-chevron-up
si si-file-html,ti ti-file-type-html
si si-analytics-graph-line,ti ti-graph
si si-archive-folder,ti ti-archive
si si-beach-palm-sunbed,ti ti-beach
si si-briefcase,ti ti-briefcase-2
si si-buildings-1,ti ti-buildings
si si-calendar,ti ti-calendar-event
si si-charger,ti ti-plug
si si-coffee-cup,ti ti-coffee
si si-coffee-cup-hot,ti ti-coffee
si si-cog-play,ti ti-settings-automation
si si-common-file-search,ti ti-file-search
si si-common-file-text-edit,ti ti-file-pencil
si si-computer-chip-search,ti ti-settings-search
si si-controls-stop,ti ti-player-stop
si si-conversation-chat-2,ti ti-messages
si si-database,ti ti-database
si si-database-settings,ti ti-database-cog
si si-folder-empty,ti ti-folder-open
si si-graph-statistics-coffee,ti ti-presentation-analytics
si si-heavy-equipment-hook,ti ti-crane
si si-layout-module,ti ti-layout-grid
si si-module-three-2,ti ti-packages
si si-monitor,ti ti-device-desktop
si si-monitor-heart-beat-search,ti ti-device-desktop-search
si si-monitor-network,ti ti-topology-star
si si-navigation-left-circle-1,ti ti-circle-arrow-left
si si-optimization-timer,ti ti-calendar-clock
si si-phone-actions-call,ti ti-phone-outgoing
si si-pie-line-graph-desktop,ti ti-device-analytics
si si-plane-take-off,ti ti-plane-tilt
si si-power-button,ti ti-power
si si-real-estate-action-house-key,ti ti-home-up
si si-recycling-hand-trash,ti ti-trash
si si-server-search,ti ti-database-search
si si-shield-lock,ti ti-shield-lock
si si-style-two-pin-user,ti ti-user-pin
si si-upload-bottom,ti ti-upload
si si-startup-launch,ti ti-rocket
si si-password-lock-2,ti ti-lock-password
si si-computer-chip,ti ti-cpu
si si-global-warming-globe-fire,ti ti-world-exclamation
si si-cd,ti ti-disc
si si-button-pause,ti ti-player-pause
si si-archive,ti ti-archive
si si-module-three-1,ti ti-packages
si si-shield-globe,ti ti-shield
si si-folder-share,ti ti-folder-share
si si-check-2, ti ti-checkbox
si si-arrow-button-right-3, ti ti-arrow-badge-right
si si-arrow-button-right, ti ti-arrow-badge-right
si si-single-neutral-actions-process, ti ti-list-check
